ID,Label
20056.jpg,forest
20057.jpg,buildings
20058.jpg,mountain
20059.jpg,glacier
20060.jpg,buildings
20061.jpg,buildings
20062.jpg,forest
20064.jpg,buildings
20066.jpg,street
20067.jpg,buildings
20068.jpg,mountain
20069.jpg,street
20070.jpg,street
20071.jpg,mountain
20072.jpg,sea
20073.jpg,buildings
20074.jpg,buildings
20075.jpg,street
20076.jpg,sea
20077.jpg,sea
20078.jpg,buildings
20079.jpg,street
20080.jpg,street
20081.jpg,sea
20082.jpg,forest
20083.jpg,buildings
20084.jpg,street
20085.jpg,mountain
20087.jpg,glacier
20088.jpg,street
20089.jpg,forest
20090.jpg,street
20091.jpg,forest
20092.jpg,glacier
20093.jpg,glacier
20094.jpg,buildings
20095.jpg,forest
20096.jpg,buildings
20098.jpg,forest
20099.jpg,sea
20100.jpg,forest
20106.jpg,sea
20107.jpg,mountain
20108.jpg,forest
20109.jpg,glacier
20111.jpg,glacier
20112.jpg,sea
20113.jpg,buildings
20114.jpg,sea
20115.jpg,sea
20116.jpg,mountain
20117.jpg,forest
20120.jpg,mountain
20123.jpg,mountain
20124.jpg,sea
20126.jpg,street
20127.jpg,street
20129.jpg,mountain
20131.jpg,buildings
20133.jpg,mountain
20134.jpg,forest
20136.jpg,forest
20137.jpg,street
20138.jpg,sea
20140.jpg,buildings
20142.jpg,glacier
20144.jpg,mountain
20147.jpg,forest
20148.jpg,sea
20150.jpg,forest
20151.jpg,forest
20152.jpg,street
20153.jpg,mountain
20154.jpg,mountain
20157.jpg,mountain
20158.jpg,street
20159.jpg,forest
20160.jpg,glacier
20161.jpg,street
20162.jpg,street
20163.jpg,street
20164.jpg,glacier
20165.jpg,sea
20166.jpg,forest
20167.jpg,sea
20168.jpg,sea
20170.jpg,sea
20171.jpg,sea
20172.jpg,sea
20173.jpg,forest
20174.jpg,mountain
20175.jpg,forest
20176.jpg,mountain
20177.jpg,buildings
20178.jpg,street
20179.jpg,glacier
20181.jpg,mountain
20183.jpg,street
20184.jpg,street
20185.jpg,sea
20186.jpg,buildings
20187.jpg,mountain
20189.jpg,mountain
20190.jpg,glacier
20191.jpg,street
20194.jpg,street
20195.jpg,glacier
20198.jpg,glacier
20202.jpg,glacier
20204.jpg,glacier
20206.jpg,buildings
20207.jpg,buildings
20209.jpg,street
20210.jpg,glacier
20211.jpg,glacier
20212.jpg,sea
20216.jpg,street
20218.jpg,buildings
20221.jpg,street
20222.jpg,street
20225.jpg,forest
20226.jpg,mountain
20227.jpg,mountain
20228.jpg,buildings
20229.jpg,forest
20230.jpg,glacier
20231.jpg,buildings
20232.jpg,mountain
20234.jpg,street
20236.jpg,sea
20238.jpg,street
20240.jpg,sea
20241.jpg,buildings
20242.jpg,forest
20243.jpg,glacier
20245.jpg,buildings
20246.jpg,street
20247.jpg,sea
20249.jpg,glacier
20250.jpg,buildings
20252.jpg,forest
20253.jpg,glacier
20255.jpg,sea
20256.jpg,buildings
20257.jpg,sea
20259.jpg,street
20260.jpg,forest
20261.jpg,forest
20264.jpg,sea
20265.jpg,sea
20266.jpg,street
20267.jpg,sea
20268.jpg,buildings
20269.jpg,mountain
20270.jpg,street
20271.jpg,mountain
20272.jpg,glacier
20273.jpg,sea
20274.jpg,forest
20275.jpg,glacier
20276.jpg,mountain
20277.jpg,mountain
20281.jpg,sea
20282.jpg,mountain
20283.jpg,sea
20285.jpg,sea
20286.jpg,buildings
20287.jpg,glacier
20288.jpg,forest
20289.jpg,sea
20292.jpg,glacier
20293.jpg,street
20294.jpg,street
20296.jpg,street
20297.jpg,street
20299.jpg,forest
20300.jpg,sea
20303.jpg,mountain
20304.jpg,mountain
20305.jpg,sea
20306.jpg,forest
20307.jpg,glacier
20309.jpg,buildings
20310.jpg,glacier
20311.jpg,forest
20313.jpg,sea
20314.jpg,mountain
20315.jpg,forest
20316.jpg,sea
20317.jpg,mountain
20318.jpg,street
20319.jpg,forest
20320.jpg,glacier
20322.jpg,forest
20326.jpg,glacier
20327.jpg,mountain
20328.jpg,forest
20329.jpg,mountain
20330.jpg,forest
20331.jpg,street
20332.jpg,street
20333.jpg,sea
20334.jpg,mountain
20335.jpg,street
20336.jpg,buildings
20337.jpg,street
20341.jpg,sea
20342.jpg,sea
20343.jpg,street
20344.jpg,buildings
20345.jpg,glacier
20346.jpg,street
20347.jpg,sea
20348.jpg,street
20350.jpg,buildings
20352.jpg,glacier
20353.jpg,street
20355.jpg,mountain
20356.jpg,glacier
20357.jpg,street
20358.jpg,mountain
20359.jpg,street
20362.jpg,glacier
20363.jpg,mountain
20365.jpg,street
20366.jpg,buildings
20367.jpg,street
20370.jpg,street
20371.jpg,sea
20372.jpg,glacier
20373.jpg,glacier
20374.jpg,buildings
20378.jpg,street
20379.jpg,mountain
20380.jpg,glacier
20382.jpg,sea
20383.jpg,sea
20384.jpg,forest
20386.jpg,glacier
20387.jpg,forest
20388.jpg,street
20389.jpg,sea
20390.jpg,buildings
20392.jpg,sea
20393.jpg,sea
20394.jpg,buildings
20395.jpg,sea
20397.jpg,mountain
20398.jpg,mountain
20400.jpg,forest
20401.jpg,mountain
20402.jpg,sea
20405.jpg,street
20406.jpg,glacier
20408.jpg,street
20409.jpg,glacier
20411.jpg,forest
20413.jpg,glacier
20414.jpg,glacier
20416.jpg,mountain
20417.jpg,street
20418.jpg,glacier
20419.jpg,sea
20421.jpg,mountain
20423.jpg,glacier
20424.jpg,buildings
20425.jpg,buildings
20427.jpg,mountain
20430.jpg,buildings
20431.jpg,buildings
20432.jpg,street
20433.jpg,glacier
20435.jpg,mountain
20436.jpg,buildings
20438.jpg,mountain
20439.jpg,forest
20440.jpg,street
20441.jpg,buildings
20443.jpg,mountain
20444.jpg,mountain
20446.jpg,glacier
20447.jpg,forest
20448.jpg,forest
20449.jpg,buildings
20450.jpg,forest
20454.jpg,street
20455.jpg,mountain
20457.jpg,glacier
20458.jpg,glacier
20459.jpg,buildings
20460.jpg,buildings
20461.jpg,sea
20464.jpg,street
20465.jpg,buildings
20467.jpg,glacier
20472.jpg,sea
20473.jpg,sea
20474.jpg,street
20475.jpg,glacier
20476.jpg,sea
20477.jpg,glacier
20479.jpg,mountain
20480.jpg,street
20482.jpg,glacier
20484.jpg,street
20485.jpg,forest
20486.jpg,glacier
20487.jpg,street
20489.jpg,glacier
20490.jpg,glacier
20491.jpg,buildings
20493.jpg,street
20494.jpg,sea
20495.jpg,glacier
20497.jpg,mountain
20498.jpg,street
20502.jpg,forest
20504.jpg,buildings
20508.jpg,glacier
20510.jpg,forest
20511.jpg,sea
20512.jpg,mountain
20513.jpg,sea
20515.jpg,buildings
20516.jpg,street
20517.jpg,glacier
20519.jpg,sea
20520.jpg,sea
20522.jpg,mountain
20524.jpg,buildings
20527.jpg,street
20528.jpg,mountain
20530.jpg,sea
20531.jpg,mountain
20533.jpg,forest
20534.jpg,sea
20535.jpg,street
20536.jpg,buildings
20537.jpg,street
20539.jpg,glacier
20540.jpg,glacier
20541.jpg,glacier
20544.jpg,forest
20545.jpg,mountain
20546.jpg,buildings
20549.jpg,buildings
20550.jpg,buildings
20553.jpg,buildings
20554.jpg,mountain
20555.jpg,buildings
20556.jpg,forest
20558.jpg,street
20559.jpg,mountain
20560.jpg,glacier
20561.jpg,street
20563.jpg,forest
20564.jpg,street
20565.jpg,mountain
20566.jpg,glacier
20567.jpg,mountain
20568.jpg,forest
20570.jpg,glacier
20571.jpg,glacier
20572.jpg,street
20574.jpg,street
20575.jpg,mountain
20576.jpg,glacier
20577.jpg,mountain
20580.jpg,buildings
20581.jpg,buildings
20582.jpg,forest
20584.jpg,mountain
20585.jpg,mountain
20586.jpg,street
20587.jpg,buildings
20589.jpg,mountain
20590.jpg,glacier
20591.jpg,street
20592.jpg,street
20595.jpg,sea
20596.jpg,forest
20597.jpg,buildings
20598.jpg,glacier
20599.jpg,mountain
20601.jpg,buildings
20602.jpg,street
20603.jpg,glacier
20605.jpg,forest
20606.jpg,buildings
20608.jpg,mountain
20611.jpg,buildings
20612.jpg,mountain
20613.jpg,mountain
20615.jpg,street
20616.jpg,glacier
20617.jpg,mountain
20619.jpg,forest
20620.jpg,forest
20621.jpg,street
20622.jpg,forest
20624.jpg,mountain
20626.jpg,mountain
20627.jpg,mountain
20628.jpg,buildings
20629.jpg,buildings
20630.jpg,buildings
20631.jpg,glacier
20633.jpg,sea
20634.jpg,sea
20635.jpg,buildings
20637.jpg,street
20638.jpg,forest
20639.jpg,sea
20640.jpg,sea
20642.jpg,street
20643.jpg,mountain
20644.jpg,sea
20646.jpg,buildings
20647.jpg,sea
20648.jpg,buildings
20649.jpg,sea
20650.jpg,forest
20651.jpg,mountain
20652.jpg,street
20653.jpg,street
20655.jpg,mountain
20657.jpg,mountain
20658.jpg,glacier
20660.jpg,forest
20662.jpg,glacier
20663.jpg,buildings
20664.jpg,sea
20665.jpg,street
20666.jpg,buildings
20668.jpg,glacier
20670.jpg,street
20671.jpg,mountain
20672.jpg,sea
20674.jpg,forest
20676.jpg,mountain
20677.jpg,street
20678.jpg,sea
20679.jpg,sea
20680.jpg,glacier
20683.jpg,buildings
20684.jpg,mountain
20685.jpg,forest
20686.jpg,forest
20687.jpg,sea
20688.jpg,buildings
20690.jpg,mountain
20691.jpg,mountain
20692.jpg,sea
20694.jpg,sea
20695.jpg,sea
20696.jpg,sea
20702.jpg,mountain
20703.jpg,mountain
20704.jpg,sea
20705.jpg,street
20706.jpg,glacier
20709.jpg,buildings
20710.jpg,buildings
20712.jpg,glacier
20713.jpg,glacier
20714.jpg,forest
20717.jpg,forest
20718.jpg,forest
20719.jpg,street
20720.jpg,glacier
20722.jpg,sea
20723.jpg,buildings
20725.jpg,buildings
20726.jpg,glacier
20728.jpg,forest
20730.jpg,buildings
20731.jpg,forest
20732.jpg,glacier
20733.jpg,buildings
20734.jpg,street
20735.jpg,sea
20737.jpg,street
20738.jpg,mountain
20739.jpg,glacier
20740.jpg,forest
20741.jpg,mountain
20742.jpg,glacier
20745.jpg,mountain
20746.jpg,glacier
20748.jpg,buildings
20750.jpg,street
20751.jpg,glacier
20752.jpg,buildings
20753.jpg,sea
20754.jpg,forest
20756.jpg,forest
20757.jpg,glacier
20759.jpg,sea
20761.jpg,forest
20762.jpg,mountain
20763.jpg,mountain
20764.jpg,buildings
20765.jpg,street
20766.jpg,buildings
20767.jpg,mountain
20769.jpg,sea
20770.jpg,glacier
20771.jpg,buildings
20774.jpg,forest
20776.jpg,buildings
20777.jpg,forest
20779.jpg,forest
20781.jpg,mountain
20782.jpg,forest
20783.jpg,mountain
20785.jpg,forest
20788.jpg,buildings
20794.jpg,forest
20796.jpg,glacier
20798.jpg,street
20799.jpg,buildings
20800.jpg,forest
20801.jpg,forest
20802.jpg,glacier
20804.jpg,buildings
20805.jpg,street
20806.jpg,street
20807.jpg,street
20808.jpg,street
20810.jpg,glacier
20811.jpg,sea
20812.jpg,street
20813.jpg,street
20815.jpg,glacier
20816.jpg,forest
20818.jpg,street
20819.jpg,street
20820.jpg,mountain
20821.jpg,glacier
20822.jpg,sea
20825.jpg,forest
20826.jpg,street
20828.jpg,buildings
20831.jpg,forest
20832.jpg,mountain
20833.jpg,forest
20834.jpg,sea
20835.jpg,street
20838.jpg,street
20840.jpg,sea
20841.jpg,sea
20842.jpg,glacier
20843.jpg,street
20844.jpg,glacier
20846.jpg,street
20847.jpg,mountain
20848.jpg,sea
20851.jpg,glacier
20853.jpg,mountain
20854.jpg,glacier
20856.jpg,sea
20857.jpg,mountain
20858.jpg,buildings
20860.jpg,glacier
20863.jpg,street
20864.jpg,street
20866.jpg,glacier
20867.jpg,mountain
20868.jpg,glacier
20869.jpg,sea
20870.jpg,mountain
20871.jpg,mountain
20872.jpg,glacier
20873.jpg,sea
20874.jpg,buildings
20876.jpg,mountain
20878.jpg,sea
20879.jpg,sea
20882.jpg,sea
20884.jpg,street
20885.jpg,forest
20887.jpg,glacier
20888.jpg,street
20889.jpg,sea
20890.jpg,sea
20892.jpg,street
20893.jpg,sea
20894.jpg,forest
20895.jpg,buildings
20896.jpg,buildings
20897.jpg,street
20898.jpg,street
20899.jpg,street
20900.jpg,forest
20903.jpg,street
20904.jpg,buildings
20905.jpg,sea
20906.jpg,glacier
20907.jpg,street
20908.jpg,mountain
20909.jpg,sea
20910.jpg,glacier
20911.jpg,sea
20915.jpg,street
20916.jpg,forest
20917.jpg,glacier
20918.jpg,buildings
20921.jpg,glacier
20922.jpg,buildings
20924.jpg,glacier
20925.jpg,forest
20926.jpg,buildings
20927.jpg,forest
20928.jpg,buildings
20929.jpg,forest
20930.jpg,forest
20931.jpg,street
20933.jpg,glacier
20934.jpg,street
20935.jpg,street
20937.jpg,street
20938.jpg,forest
20940.jpg,mountain
20941.jpg,mountain
20942.jpg,sea
20944.jpg,street
20946.jpg,sea
20947.jpg,forest
20948.jpg,glacier
20949.jpg,glacier
20950.jpg,glacier
20952.jpg,buildings
20953.jpg,buildings
20954.jpg,sea
20955.jpg,sea
20958.jpg,forest
20959.jpg,glacier
20960.jpg,buildings
20961.jpg,mountain
20962.jpg,street
20963.jpg,glacier
20965.jpg,glacier
20966.jpg,buildings
20968.jpg,buildings
20970.jpg,sea
20971.jpg,mountain
20972.jpg,street
20974.jpg,mountain
20975.jpg,sea
20976.jpg,mountain
20978.jpg,forest
20980.jpg,mountain
20981.jpg,buildings
20982.jpg,sea
20983.jpg,mountain
20984.jpg,forest
20985.jpg,mountain
20986.jpg,mountain
20988.jpg,street
20989.jpg,buildings
20991.jpg,mountain
20992.jpg,mountain
20994.jpg,street
20995.jpg,street
20996.jpg,forest
20998.jpg,glacier
20999.jpg,sea
21000.jpg,glacier
21001.jpg,forest
21004.jpg,mountain
21006.jpg,sea
21007.jpg,street
21008.jpg,glacier
21011.jpg,buildings
21012.jpg,sea
21013.jpg,mountain
21014.jpg,sea
21016.jpg,forest
21017.jpg,buildings
21018.jpg,forest
21019.jpg,mountain
21020.jpg,forest
21022.jpg,sea
21024.jpg,glacier
21025.jpg,glacier
21027.jpg,glacier
21032.jpg,sea
21034.jpg,street
21035.jpg,mountain
21036.jpg,mountain
21037.jpg,sea
21038.jpg,mountain
21040.jpg,mountain
21041.jpg,buildings
21042.jpg,mountain
21043.jpg,glacier
21044.jpg,street
21045.jpg,sea
21046.jpg,forest
21047.jpg,mountain
21049.jpg,glacier
21052.jpg,forest
21053.jpg,glacier
21054.jpg,sea
21055.jpg,mountain
21058.jpg,buildings
21059.jpg,mountain
21060.jpg,glacier
21061.jpg,sea
21062.jpg,buildings
21063.jpg,glacier
21064.jpg,glacier
21065.jpg,buildings
21066.jpg,buildings
21067.jpg,sea
21069.jpg,street
21073.jpg,sea
21076.jpg,mountain
21077.jpg,street
21078.jpg,mountain
21081.jpg,street
21083.jpg,sea
21085.jpg,mountain
21086.jpg,street
21087.jpg,forest
21090.jpg,glacier
21091.jpg,forest
21092.jpg,glacier
21093.jpg,glacier
21095.jpg,forest
21096.jpg,mountain
21097.jpg,forest
21098.jpg,glacier
21099.jpg,buildings
21100.jpg,street
21101.jpg,street
21102.jpg,glacier
21104.jpg,buildings
21105.jpg,forest
21106.jpg,forest
21107.jpg,street
21108.jpg,street
21115.jpg,mountain
21118.jpg,mountain
21119.jpg,mountain
21120.jpg,street
21121.jpg,sea
21123.jpg,glacier
21125.jpg,forest
21126.jpg,forest
21128.jpg,forest
21129.jpg,sea
21130.jpg,sea
21135.jpg,street
21136.jpg,glacier
21137.jpg,street
21138.jpg,sea
21139.jpg,forest
21141.jpg,buildings
21142.jpg,street
21143.jpg,street
21144.jpg,glacier
21146.jpg,glacier
21148.jpg,buildings
21149.jpg,glacier
21150.jpg,forest
21151.jpg,buildings
21152.jpg,street
21153.jpg,glacier
21154.jpg,street
21155.jpg,glacier
21156.jpg,glacier
21158.jpg,buildings
21159.jpg,buildings
21161.jpg,mountain
21162.jpg,mountain
21163.jpg,sea
21167.jpg,street
21168.jpg,mountain
21169.jpg,forest
21170.jpg,buildings
21173.jpg,mountain
21174.jpg,street
21175.jpg,street
21176.jpg,glacier
21177.jpg,forest
21179.jpg,forest
21182.jpg,buildings
21183.jpg,glacier
21185.jpg,street
21186.jpg,glacier
21187.jpg,forest
21191.jpg,sea
21192.jpg,sea
21196.jpg,forest
21197.jpg,sea
21198.jpg,forest
21199.jpg,mountain
21200.jpg,street
21201.jpg,mountain
21203.jpg,street
21206.jpg,forest
21207.jpg,forest
21209.jpg,forest
21210.jpg,glacier
21212.jpg,forest
21213.jpg,glacier
21214.jpg,mountain
21215.jpg,glacier
21216.jpg,mountain
21217.jpg,sea
21220.jpg,street
21221.jpg,buildings
21222.jpg,mountain
21224.jpg,sea
21225.jpg,buildings
21226.jpg,mountain
21227.jpg,sea
21229.jpg,buildings
21230.jpg,glacier
21231.jpg,mountain
21232.jpg,buildings
21233.jpg,buildings
21234.jpg,sea
21236.jpg,mountain
21237.jpg,sea
21238.jpg,forest
21239.jpg,glacier
21240.jpg,forest
21241.jpg,street
21242.jpg,street
21243.jpg,buildings
21244.jpg,mountain
21245.jpg,sea
21246.jpg,glacier
21247.jpg,mountain
21248.jpg,glacier
21250.jpg,forest
21254.jpg,forest
21255.jpg,mountain
21256.jpg,mountain
21257.jpg,buildings
21258.jpg,sea
21259.jpg,sea
21260.jpg,street
21262.jpg,mountain
21263.jpg,sea
21266.jpg,glacier
21269.jpg,glacier
21271.jpg,buildings
21272.jpg,sea
21274.jpg,glacier
21276.jpg,mountain
21277.jpg,sea
21278.jpg,glacier
21279.jpg,buildings
21280.jpg,mountain
21281.jpg,forest
21285.jpg,mountain
21286.jpg,buildings
21287.jpg,street
21288.jpg,glacier
21290.jpg,mountain
21291.jpg,buildings
21292.jpg,sea
21293.jpg,buildings
21294.jpg,buildings
21296.jpg,buildings
21297.jpg,forest
21298.jpg,buildings
21301.jpg,mountain
21302.jpg,glacier
21303.jpg,glacier
21304.jpg,sea
21305.jpg,street
21306.jpg,sea
21307.jpg,glacier
21309.jpg,buildings
21310.jpg,forest
21311.jpg,sea
21313.jpg,mountain
21314.jpg,mountain
21316.jpg,forest
21317.jpg,forest
21318.jpg,buildings
21319.jpg,buildings
21320.jpg,mountain
21325.jpg,forest
21328.jpg,sea
21329.jpg,glacier
21334.jpg,sea
21336.jpg,glacier
21339.jpg,buildings
21340.jpg,mountain
21341.jpg,mountain
21342.jpg,sea
21343.jpg,mountain
21344.jpg,forest
21345.jpg,forest
21347.jpg,street
21348.jpg,mountain
21349.jpg,mountain
21350.jpg,street
21352.jpg,forest
21353.jpg,mountain
21354.jpg,street
21355.jpg,street
21356.jpg,mountain
21357.jpg,glacier
21358.jpg,forest
21359.jpg,street
21360.jpg,buildings
21361.jpg,glacier
21362.jpg,forest
21363.jpg,mountain
21364.jpg,sea
21366.jpg,forest
21367.jpg,buildings
21368.jpg,glacier
21369.jpg,mountain
21371.jpg,forest
21373.jpg,forest
21375.jpg,forest
21376.jpg,mountain
21377.jpg,mountain
21378.jpg,sea
21380.jpg,street
21381.jpg,street
21383.jpg,sea
21385.jpg,mountain
21386.jpg,buildings
21387.jpg,buildings
21389.jpg,mountain
21390.jpg,glacier
21392.jpg,sea
21393.jpg,sea
21396.jpg,mountain
21399.jpg,buildings
21400.jpg,street
21401.jpg,street
21405.jpg,sea
21406.jpg,sea
21407.jpg,mountain
21409.jpg,glacier
21410.jpg,street
21411.jpg,glacier
21412.jpg,glacier
21414.jpg,sea
21415.jpg,mountain
21417.jpg,mountain
21418.jpg,glacier
21419.jpg,street
21421.jpg,mountain
21422.jpg,forest
21423.jpg,street
21426.jpg,buildings
21427.jpg,street
21428.jpg,forest
21430.jpg,forest
21431.jpg,forest
21432.jpg,street
21433.jpg,buildings
21434.jpg,street
21435.jpg,street
21437.jpg,glacier
21442.jpg,sea
21443.jpg,forest
21445.jpg,buildings
21447.jpg,buildings
21448.jpg,mountain
21450.jpg,glacier
21452.jpg,mountain
21453.jpg,mountain
21454.jpg,street
21455.jpg,sea
21456.jpg,sea
21458.jpg,street
21459.jpg,forest
21461.jpg,buildings
21462.jpg,sea
21463.jpg,glacier
21464.jpg,glacier
21465.jpg,sea
21466.jpg,mountain
21468.jpg,mountain
21469.jpg,glacier
21470.jpg,buildings
21472.jpg,mountain
21473.jpg,glacier
21475.jpg,glacier
21476.jpg,sea
21478.jpg,glacier
21479.jpg,street
21480.jpg,buildings
21481.jpg,sea
21483.jpg,forest
21484.jpg,forest
21485.jpg,buildings
21486.jpg,mountain
21488.jpg,mountain
21490.jpg,mountain
21491.jpg,forest
21492.jpg,mountain
21494.jpg,street
21496.jpg,buildings
21497.jpg,forest
21498.jpg,mountain
21499.jpg,street
21501.jpg,buildings
21503.jpg,street
21504.jpg,buildings
21505.jpg,buildings
21506.jpg,street
21507.jpg,sea
21510.jpg,street
21512.jpg,glacier
21513.jpg,sea
21514.jpg,street
21516.jpg,buildings
21517.jpg,mountain
21518.jpg,glacier
21519.jpg,sea
21522.jpg,street
21524.jpg,glacier
21525.jpg,sea
21526.jpg,street
21527.jpg,buildings
21529.jpg,forest
21533.jpg,sea
21535.jpg,sea
21537.jpg,glacier
21538.jpg,forest
21539.jpg,buildings
21542.jpg,mountain
21543.jpg,glacier
21544.jpg,glacier
21545.jpg,mountain
21546.jpg,glacier
21547.jpg,street
21551.jpg,glacier
21553.jpg,glacier
21554.jpg,street
21555.jpg,buildings
21556.jpg,glacier
21557.jpg,sea
21558.jpg,sea
21559.jpg,forest
21560.jpg,street
21563.jpg,sea
21564.jpg,street
21568.jpg,sea
21569.jpg,sea
21570.jpg,mountain
21572.jpg,street
21573.jpg,street
21574.jpg,forest
21575.jpg,glacier
21576.jpg,mountain
21578.jpg,mountain
21580.jpg,buildings
21581.jpg,buildings
21583.jpg,glacier
21584.jpg,forest
21586.jpg,forest
21587.jpg,forest
21589.jpg,sea
21591.jpg,mountain
21592.jpg,glacier
21593.jpg,street
21596.jpg,glacier
21597.jpg,buildings
21598.jpg,sea
21599.jpg,buildings
21600.jpg,mountain
21601.jpg,street
21603.jpg,mountain
21604.jpg,forest
21605.jpg,mountain
21607.jpg,sea
21609.jpg,sea
21610.jpg,glacier
21611.jpg,street
21612.jpg,forest
21613.jpg,mountain
21614.jpg,buildings
21615.jpg,glacier
21617.jpg,street
21618.jpg,mountain
21620.jpg,street
21621.jpg,buildings
21623.jpg,sea
21624.jpg,sea
21627.jpg,sea
21630.jpg,buildings
21631.jpg,buildings
21632.jpg,mountain
21633.jpg,glacier
21634.jpg,street
21635.jpg,sea
21638.jpg,sea
21639.jpg,sea
21640.jpg,street
21641.jpg,buildings
21643.jpg,mountain
21644.jpg,forest
21645.jpg,forest
21646.jpg,buildings
21647.jpg,mountain
21648.jpg,buildings
21649.jpg,sea
21650.jpg,mountain
21651.jpg,glacier
21653.jpg,street
21655.jpg,sea
21656.jpg,buildings
21657.jpg,mountain
21658.jpg,buildings
21659.jpg,mountain
21660.jpg,mountain
21662.jpg,sea
21663.jpg,buildings
21664.jpg,glacier
21665.jpg,mountain
21666.jpg,mountain
21669.jpg,glacier
21670.jpg,buildings
21671.jpg,buildings
21674.jpg,street
21675.jpg,mountain
21676.jpg,glacier
21677.jpg,forest
21678.jpg,street
21680.jpg,buildings
21682.jpg,street
21683.jpg,buildings
21684.jpg,mountain
21685.jpg,forest
21686.jpg,mountain
21688.jpg,street
21689.jpg,buildings
21691.jpg,glacier
21694.jpg,street
21695.jpg,sea
21697.jpg,mountain
21699.jpg,forest
21701.jpg,mountain
21702.jpg,sea
21703.jpg,buildings
21706.jpg,buildings
21707.jpg,sea
21710.jpg,sea
21711.jpg,mountain
21712.jpg,buildings
21714.jpg,sea
21715.jpg,forest
21717.jpg,mountain
21719.jpg,buildings
21720.jpg,forest
21721.jpg,street
21722.jpg,street
21723.jpg,street
21724.jpg,street
21725.jpg,mountain
21726.jpg,mountain
21727.jpg,glacier
21729.jpg,sea
21730.jpg,sea
21731.jpg,street
21734.jpg,mountain
21735.jpg,forest
21736.jpg,forest
21737.jpg,sea
21738.jpg,sea
21740.jpg,sea
21743.jpg,street
21744.jpg,street
21745.jpg,street
21747.jpg,glacier
21749.jpg,street
21750.jpg,mountain
21751.jpg,glacier
21754.jpg,buildings
21756.jpg,sea
21759.jpg,mountain
21761.jpg,sea
21762.jpg,glacier
21763.jpg,buildings
21764.jpg,buildings
21765.jpg,forest
21766.jpg,glacier
21768.jpg,glacier
21769.jpg,forest
21770.jpg,mountain
21771.jpg,glacier
21772.jpg,street
21774.jpg,mountain
21775.jpg,sea
21776.jpg,street
21777.jpg,mountain
21779.jpg,buildings
21780.jpg,street
21781.jpg,mountain
21783.jpg,forest
21784.jpg,sea
21787.jpg,forest
21788.jpg,mountain
21789.jpg,buildings
21790.jpg,sea
21792.jpg,street
21793.jpg,buildings
21794.jpg,forest
21797.jpg,sea
21798.jpg,forest
21799.jpg,glacier
21800.jpg,street
21801.jpg,buildings
21804.jpg,glacier
21805.jpg,glacier
21806.jpg,forest
21807.jpg,sea
21808.jpg,mountain
21810.jpg,street
21811.jpg,glacier
21812.jpg,sea
21813.jpg,mountain
21814.jpg,forest
21816.jpg,glacier
21817.jpg,buildings
21818.jpg,forest
21819.jpg,mountain
21824.jpg,glacier
21826.jpg,mountain
21827.jpg,buildings
21828.jpg,sea
21829.jpg,mountain
21832.jpg,sea
21837.jpg,sea
21840.jpg,sea
21841.jpg,buildings
21842.jpg,glacier
21843.jpg,forest
21844.jpg,mountain
21845.jpg,sea
21846.jpg,sea
21849.jpg,sea
21851.jpg,mountain
21852.jpg,forest
21853.jpg,street
21855.jpg,forest
21856.jpg,street
21857.jpg,street
21858.jpg,street
21859.jpg,glacier
21860.jpg,sea
21861.jpg,glacier
21862.jpg,sea
21864.jpg,forest
21865.jpg,glacier
21866.jpg,street
21868.jpg,forest
21870.jpg,sea
21872.jpg,glacier
21873.jpg,forest
21874.jpg,glacier
21875.jpg,mountain
21876.jpg,mountain
21879.jpg,glacier
21881.jpg,glacier
21884.jpg,forest
21885.jpg,forest
21887.jpg,forest
21889.jpg,sea
21890.jpg,forest
21892.jpg,street
21893.jpg,mountain
21894.jpg,forest
21895.jpg,mountain
21896.jpg,street
21897.jpg,buildings
21898.jpg,sea
21900.jpg,forest
21903.jpg,sea
21904.jpg,forest
21905.jpg,buildings
21906.jpg,glacier
21907.jpg,glacier
21908.jpg,street
21909.jpg,mountain
21910.jpg,street
21911.jpg,street
21912.jpg,mountain
21913.jpg,street
21915.jpg,mountain
21916.jpg,forest
21917.jpg,mountain
21918.jpg,sea
21919.jpg,forest
21921.jpg,forest
21923.jpg,buildings
21924.jpg,sea
21926.jpg,glacier
21929.jpg,street
21932.jpg,forest
21933.jpg,forest
21934.jpg,glacier
21935.jpg,mountain
21936.jpg,sea
21937.jpg,sea
21940.jpg,sea
21941.jpg,street
21942.jpg,glacier
21943.jpg,glacier
21945.jpg,buildings
21947.jpg,forest
21948.jpg,buildings
21949.jpg,sea
21950.jpg,glacier
21954.jpg,sea
21955.jpg,buildings
21956.jpg,forest
21957.jpg,sea
21959.jpg,street
21960.jpg,mountain
21961.jpg,glacier
21962.jpg,buildings
21964.jpg,forest
21965.jpg,forest
21967.jpg,glacier
21970.jpg,buildings
21972.jpg,forest
21973.jpg,sea
21977.jpg,buildings
21978.jpg,mountain
21979.jpg,forest
21981.jpg,mountain
21982.jpg,glacier
21983.jpg,glacier
21984.jpg,mountain
21985.jpg,street
21986.jpg,glacier
21987.jpg,mountain
21989.jpg,street
21990.jpg,forest
21991.jpg,forest
21992.jpg,mountain
21993.jpg,sea
21994.jpg,forest
21995.jpg,mountain
21996.jpg,sea
21999.jpg,sea
22000.jpg,buildings
22001.jpg,street
22003.jpg,sea
22004.jpg,forest
22005.jpg,glacier
22009.jpg,mountain
22011.jpg,mountain
22012.jpg,sea
22014.jpg,forest
22015.jpg,glacier
22017.jpg,street
22019.jpg,sea
22020.jpg,mountain
22021.jpg,buildings
22022.jpg,forest
22024.jpg,street
22025.jpg,buildings
22026.jpg,glacier
22027.jpg,mountain
22028.jpg,forest
22029.jpg,glacier
22030.jpg,mountain
22031.jpg,street
22032.jpg,street
22034.jpg,sea
22035.jpg,street
22036.jpg,glacier
22037.jpg,glacier
22038.jpg,mountain
22040.jpg,mountain
22042.jpg,mountain
22043.jpg,glacier
22045.jpg,buildings
22046.jpg,mountain
22048.jpg,sea
22050.jpg,forest
22051.jpg,mountain
22054.jpg,glacier
22057.jpg,street
22058.jpg,buildings
22062.jpg,glacier
22063.jpg,glacier
22064.jpg,street
22065.jpg,forest
22066.jpg,glacier
22068.jpg,glacier
22070.jpg,mountain
22071.jpg,glacier
22072.jpg,sea
22073.jpg,buildings
22074.jpg,forest
22076.jpg,buildings
22078.jpg,glacier
22079.jpg,glacier
22082.jpg,street
22083.jpg,sea
22085.jpg,sea
22086.jpg,mountain
22087.jpg,forest
22088.jpg,buildings
22089.jpg,sea
22090.jpg,mountain
22091.jpg,glacier
22092.jpg,forest
22093.jpg,forest
22095.jpg,mountain
22096.jpg,forest
22097.jpg,street
22098.jpg,buildings
22099.jpg,street
22100.jpg,mountain
22101.jpg,mountain
22102.jpg,sea
22103.jpg,buildings
22104.jpg,sea
22105.jpg,sea
22107.jpg,sea
22109.jpg,street
22110.jpg,buildings
22111.jpg,forest
22112.jpg,glacier
22115.jpg,street
22116.jpg,forest
22117.jpg,mountain
22119.jpg,street
22120.jpg,street
22121.jpg,sea
22123.jpg,glacier
22124.jpg,mountain
22125.jpg,forest
22126.jpg,mountain
22127.jpg,sea
22128.jpg,forest
22129.jpg,sea
22130.jpg,glacier
22132.jpg,buildings
22133.jpg,glacier
22134.jpg,buildings
22136.jpg,forest
22137.jpg,glacier
22138.jpg,mountain
22139.jpg,street
22140.jpg,mountain
22141.jpg,mountain
22143.jpg,glacier
22144.jpg,forest
22145.jpg,mountain
22147.jpg,sea
22149.jpg,forest
22150.jpg,buildings
22152.jpg,buildings
22153.jpg,street
22154.jpg,sea
22156.jpg,street
22157.jpg,mountain
22158.jpg,mountain
22159.jpg,mountain
22160.jpg,mountain
22161.jpg,glacier
22162.jpg,sea
22163.jpg,buildings
22165.jpg,mountain
22166.jpg,street
22167.jpg,forest
22168.jpg,sea
22169.jpg,forest
22171.jpg,buildings
22172.jpg,forest
22173.jpg,sea
22175.jpg,buildings
22176.jpg,mountain
22177.jpg,forest
22179.jpg,forest
22180.jpg,mountain
22182.jpg,glacier
22183.jpg,street
22184.jpg,glacier
22185.jpg,buildings
22186.jpg,sea
22187.jpg,glacier
22188.jpg,mountain
22189.jpg,mountain
22191.jpg,mountain
22192.jpg,mountain
22193.jpg,glacier
22196.jpg,street
22197.jpg,forest
22198.jpg,street
22199.jpg,mountain
22200.jpg,street
22201.jpg,forest
22202.jpg,mountain
22203.jpg,mountain
22204.jpg,street
22205.jpg,mountain
22207.jpg,mountain
22208.jpg,buildings
22209.jpg,mountain
22210.jpg,buildings
22212.jpg,glacier
22214.jpg,mountain
22215.jpg,mountain
22216.jpg,street
22219.jpg,sea
22220.jpg,sea
22221.jpg,mountain
22222.jpg,mountain
22223.jpg,street
22227.jpg,buildings
22228.jpg,street
22230.jpg,street
22231.jpg,buildings
22232.jpg,street
22233.jpg,buildings
22234.jpg,buildings
22235.jpg,glacier
22237.jpg,sea
22239.jpg,glacier
22240.jpg,street
22241.jpg,mountain
22243.jpg,forest
22245.jpg,glacier
22246.jpg,sea
22247.jpg,forest
22249.jpg,buildings
22250.jpg,glacier
22251.jpg,mountain
22252.jpg,buildings
22253.jpg,mountain
22254.jpg,glacier
22255.jpg,buildings
22256.jpg,buildings
22257.jpg,buildings
22258.jpg,glacier
22259.jpg,glacier
22260.jpg,forest
22261.jpg,mountain
22262.jpg,sea
22264.jpg,mountain
22265.jpg,glacier
22266.jpg,street
22267.jpg,buildings
22268.jpg,forest
22269.jpg,buildings
22271.jpg,sea
22272.jpg,mountain
22273.jpg,mountain
22276.jpg,mountain
22277.jpg,mountain
22278.jpg,sea
22279.jpg,mountain
22280.jpg,forest
22283.jpg,street
22284.jpg,buildings
22286.jpg,forest
22289.jpg,forest
22290.jpg,mountain
22291.jpg,street
22293.jpg,forest
22294.jpg,mountain
22295.jpg,buildings
22296.jpg,buildings
22299.jpg,forest
22301.jpg,street
22304.jpg,mountain
22306.jpg,mountain
22307.jpg,forest
22308.jpg,forest
22309.jpg,mountain
22310.jpg,glacier
22311.jpg,street
22314.jpg,street
22315.jpg,buildings
22316.jpg,street
22317.jpg,buildings
22318.jpg,glacier
22320.jpg,glacier
22321.jpg,sea
22322.jpg,street
22325.jpg,sea
22326.jpg,mountain
22328.jpg,mountain
22329.jpg,street
22330.jpg,buildings
22331.jpg,forest
22335.jpg,mountain
22336.jpg,forest
22337.jpg,sea
22338.jpg,mountain
22339.jpg,buildings
22340.jpg,glacier
22341.jpg,buildings
22342.jpg,forest
22343.jpg,mountain
22345.jpg,buildings
22346.jpg,mountain
22347.jpg,mountain
22349.jpg,mountain
22350.jpg,sea
22351.jpg,buildings
22353.jpg,sea
22354.jpg,glacier
22355.jpg,forest
22356.jpg,street
22357.jpg,buildings
22358.jpg,glacier
22360.jpg,buildings
22362.jpg,glacier
22366.jpg,street
22368.jpg,street
22369.jpg,buildings
22370.jpg,buildings
22372.jpg,street
22373.jpg,street
22374.jpg,sea
22375.jpg,street
22376.jpg,forest
22377.jpg,sea
22378.jpg,street
22379.jpg,glacier
22380.jpg,street
22382.jpg,mountain
22383.jpg,buildings
22384.jpg,buildings
22385.jpg,sea
22386.jpg,sea
22387.jpg,buildings
22388.jpg,buildings
22389.jpg,sea
22390.jpg,glacier
22391.jpg,mountain
22393.jpg,sea
22394.jpg,mountain
22398.jpg,mountain
22399.jpg,glacier
22400.jpg,forest
22401.jpg,forest
22405.jpg,glacier
22406.jpg,street
22408.jpg,street
22409.jpg,buildings
22410.jpg,buildings
22411.jpg,mountain
22412.jpg,street
22414.jpg,sea
22415.jpg,buildings
22416.jpg,forest
22417.jpg,street
22420.jpg,forest
22421.jpg,buildings
22423.jpg,buildings
22424.jpg,glacier
22425.jpg,street
22426.jpg,buildings
22427.jpg,forest
22428.jpg,street
22431.jpg,mountain
22432.jpg,sea
22433.jpg,sea
22434.jpg,forest
22436.jpg,mountain
22437.jpg,sea
22438.jpg,glacier
22439.jpg,sea
22440.jpg,mountain
22441.jpg,sea
22442.jpg,buildings
22444.jpg,mountain
22446.jpg,forest
22447.jpg,buildings
22448.jpg,buildings
22450.jpg,street
22451.jpg,glacier
22452.jpg,street
22453.jpg,street
22455.jpg,sea
22457.jpg,street
22458.jpg,street
22459.jpg,glacier
22460.jpg,street
22461.jpg,street
22462.jpg,buildings
22464.jpg,street
22465.jpg,glacier
22467.jpg,sea
22469.jpg,sea
22470.jpg,street
22471.jpg,sea
22472.jpg,forest
22473.jpg,mountain
22475.jpg,glacier
22476.jpg,street
22478.jpg,sea
22479.jpg,mountain
22481.jpg,street
22483.jpg,mountain
22484.jpg,sea
22486.jpg,buildings
22487.jpg,sea
22488.jpg,mountain
22490.jpg,forest
22491.jpg,sea
22493.jpg,mountain
22494.jpg,mountain
22495.jpg,street
22496.jpg,buildings
22500.jpg,glacier
22501.jpg,sea
22502.jpg,glacier
22503.jpg,mountain
22504.jpg,mountain
22506.jpg,street
22508.jpg,sea
22510.jpg,glacier
22511.jpg,sea
22512.jpg,mountain
22513.jpg,glacier
22514.jpg,forest
22515.jpg,mountain
22516.jpg,sea
22517.jpg,forest
22518.jpg,glacier
22520.jpg,mountain
22522.jpg,sea
22525.jpg,glacier
22526.jpg,mountain
22527.jpg,street
22528.jpg,sea
22531.jpg,buildings
22534.jpg,street
22536.jpg,glacier
22537.jpg,mountain
22538.jpg,forest
22539.jpg,mountain
22540.jpg,forest
22542.jpg,forest
22543.jpg,sea
22545.jpg,sea
22546.jpg,mountain
22547.jpg,mountain
22550.jpg,forest
22552.jpg,forest
22553.jpg,glacier
22555.jpg,sea
22556.jpg,glacier
22557.jpg,glacier
22558.jpg,buildings
22562.jpg,buildings
22563.jpg,street
22564.jpg,mountain
22565.jpg,sea
22567.jpg,mountain
22568.jpg,buildings
22569.jpg,forest
22570.jpg,forest
22571.jpg,street
22572.jpg,sea
22574.jpg,sea
22575.jpg,forest
22576.jpg,glacier
22577.jpg,street
22580.jpg,sea
22581.jpg,glacier
22583.jpg,mountain
22585.jpg,sea
22586.jpg,buildings
22587.jpg,buildings
22588.jpg,glacier
22589.jpg,sea
22592.jpg,mountain
22593.jpg,street
22595.jpg,forest
22596.jpg,buildings
22597.jpg,street
22598.jpg,street
22599.jpg,mountain
22600.jpg,mountain
22602.jpg,forest
22603.jpg,glacier
22606.jpg,glacier
22608.jpg,mountain
22609.jpg,mountain
22614.jpg,mountain
22616.jpg,sea
22617.jpg,mountain
22619.jpg,buildings
22620.jpg,sea
22623.jpg,sea
22624.jpg,buildings
22625.jpg,sea
22626.jpg,forest
22628.jpg,sea
22629.jpg,forest
22631.jpg,street
22632.jpg,street
22633.jpg,buildings
22634.jpg,mountain
22635.jpg,glacier
22636.jpg,mountain
22637.jpg,buildings
22639.jpg,forest
22640.jpg,forest
22642.jpg,sea
22643.jpg,forest
22644.jpg,street
22645.jpg,street
22646.jpg,mountain
22647.jpg,glacier
22648.jpg,glacier
22650.jpg,buildings
22652.jpg,street
22653.jpg,mountain
22654.jpg,street
22655.jpg,mountain
22656.jpg,street
22657.jpg,mountain
22660.jpg,glacier
22661.jpg,sea
22663.jpg,mountain
22664.jpg,sea
22665.jpg,buildings
22666.jpg,glacier
22667.jpg,glacier
22668.jpg,street
22669.jpg,street
22670.jpg,glacier
22671.jpg,buildings
22672.jpg,sea
22673.jpg,street
22675.jpg,sea
22676.jpg,buildings
22677.jpg,street
22678.jpg,sea
22679.jpg,sea
22681.jpg,glacier
22683.jpg,glacier
22685.jpg,mountain
22686.jpg,street
22687.jpg,sea
22688.jpg,sea
22689.jpg,street
22690.jpg,sea
22691.jpg,buildings
22692.jpg,mountain
22694.jpg,glacier
22695.jpg,glacier
22696.jpg,glacier
22699.jpg,mountain
22700.jpg,mountain
22702.jpg,buildings
22703.jpg,forest
22705.jpg,glacier
22706.jpg,buildings
22707.jpg,forest
22708.jpg,street
22709.jpg,forest
22710.jpg,buildings
22711.jpg,sea
22712.jpg,mountain
22716.jpg,mountain
22717.jpg,buildings
22718.jpg,sea
22719.jpg,sea
22720.jpg,mountain
22721.jpg,sea
22722.jpg,street
22723.jpg,forest
22724.jpg,mountain
22725.jpg,street
22727.jpg,glacier
22730.jpg,sea
22731.jpg,forest
22732.jpg,glacier
22734.jpg,mountain
22735.jpg,buildings
22736.jpg,sea
22737.jpg,street
22738.jpg,forest
22740.jpg,sea
22741.jpg,buildings
22742.jpg,glacier
22745.jpg,sea
22746.jpg,sea
22747.jpg,sea
22748.jpg,forest
22753.jpg,forest
22754.jpg,mountain
22755.jpg,sea
22756.jpg,glacier
22759.jpg,buildings
22760.jpg,street
22761.jpg,mountain
22763.jpg,forest
22764.jpg,glacier
22765.jpg,mountain
22766.jpg,glacier
22767.jpg,glacier
22768.jpg,mountain
22769.jpg,mountain
22771.jpg,forest
22774.jpg,forest
22775.jpg,glacier
22776.jpg,buildings
22777.jpg,street
22778.jpg,street
22779.jpg,street
22780.jpg,mountain
22782.jpg,glacier
22784.jpg,buildings
22786.jpg,street
22789.jpg,forest
22790.jpg,mountain
22797.jpg,mountain
22799.jpg,mountain
22800.jpg,glacier
22801.jpg,street
22804.jpg,mountain
22805.jpg,forest
22807.jpg,sea
22809.jpg,sea
22810.jpg,buildings
22811.jpg,mountain
22812.jpg,buildings
22813.jpg,buildings
22814.jpg,forest
22817.jpg,glacier
22818.jpg,mountain
22819.jpg,forest
22820.jpg,mountain
22821.jpg,buildings
22822.jpg,glacier
22823.jpg,street
22824.jpg,sea
22826.jpg,street
22827.jpg,buildings
22829.jpg,glacier
22830.jpg,street
22831.jpg,sea
22832.jpg,sea
22833.jpg,forest
22834.jpg,sea
22836.jpg,mountain
22837.jpg,street
22839.jpg,street
22842.jpg,glacier
22843.jpg,buildings
22844.jpg,mountain
22845.jpg,forest
22846.jpg,mountain
22847.jpg,forest
22848.jpg,mountain
22849.jpg,sea
22850.jpg,glacier
22851.jpg,glacier
22852.jpg,mountain
22854.jpg,forest
22855.jpg,glacier
22856.jpg,buildings
22857.jpg,glacier
22858.jpg,mountain
22859.jpg,mountain
22860.jpg,buildings
22862.jpg,forest
22864.jpg,mountain
22866.jpg,mountain
22867.jpg,sea
22868.jpg,mountain
22869.jpg,mountain
22870.jpg,street
22871.jpg,mountain
22875.jpg,sea
22876.jpg,glacier
22877.jpg,street
22879.jpg,street
22881.jpg,sea
22882.jpg,glacier
22883.jpg,sea
22884.jpg,mountain
22885.jpg,mountain
22886.jpg,glacier
22887.jpg,glacier
22890.jpg,mountain
22891.jpg,glacier
22893.jpg,mountain
22895.jpg,street
22896.jpg,mountain
22897.jpg,forest
22898.jpg,street
22899.jpg,buildings
22900.jpg,street
22903.jpg,street
22907.jpg,buildings
22908.jpg,mountain
22911.jpg,buildings
22912.jpg,buildings
22913.jpg,glacier
22915.jpg,glacier
22917.jpg,forest
22919.jpg,glacier
22920.jpg,sea
22921.jpg,mountain
22924.jpg,glacier
22925.jpg,glacier
22927.jpg,glacier
22928.jpg,mountain
22930.jpg,sea
22933.jpg,street
22934.jpg,glacier
22935.jpg,street
22936.jpg,glacier
22938.jpg,street
22941.jpg,buildings
22942.jpg,glacier
22943.jpg,sea
22944.jpg,forest
22947.jpg,forest
22948.jpg,sea
22949.jpg,sea
22950.jpg,mountain
22951.jpg,buildings
22952.jpg,street
22953.jpg,buildings
22954.jpg,glacier
22955.jpg,forest
22956.jpg,forest
22958.jpg,mountain
22959.jpg,mountain
22960.jpg,mountain
22961.jpg,sea
22962.jpg,sea
22963.jpg,sea
22964.jpg,glacier
22965.jpg,street
22966.jpg,mountain
22967.jpg,street
22969.jpg,buildings
22970.jpg,street
22971.jpg,street
22973.jpg,forest
22974.jpg,glacier
22976.jpg,street
22977.jpg,sea
22978.jpg,buildings
22980.jpg,sea
22982.jpg,glacier
22983.jpg,glacier
22986.jpg,street
22987.jpg,buildings
22988.jpg,street
22989.jpg,buildings
22990.jpg,sea
22991.jpg,glacier
22992.jpg,mountain
22993.jpg,forest
22994.jpg,glacier
22995.jpg,buildings
22996.jpg,forest
22997.jpg,sea
22998.jpg,glacier
23001.jpg,glacier
23002.jpg,sea
23003.jpg,buildings
23004.jpg,mountain
23005.jpg,street
23006.jpg,glacier
23008.jpg,street
23009.jpg,buildings
23011.jpg,forest
23012.jpg,buildings
23014.jpg,street
23016.jpg,glacier
23018.jpg,sea
23022.jpg,sea
23023.jpg,buildings
23024.jpg,mountain
23026.jpg,mountain
23027.jpg,sea
23031.jpg,forest
23032.jpg,forest
23033.jpg,mountain
23036.jpg,sea
23037.jpg,mountain
23040.jpg,mountain
23041.jpg,buildings
23042.jpg,sea
23044.jpg,glacier
23045.jpg,sea
23047.jpg,sea
23048.jpg,buildings
23049.jpg,sea
23051.jpg,mountain
23052.jpg,street
23053.jpg,forest
23055.jpg,buildings
23058.jpg,sea
23060.jpg,mountain
23061.jpg,forest
23062.jpg,mountain
23065.jpg,forest
23067.jpg,forest
23068.jpg,street
23069.jpg,sea
23070.jpg,forest
23072.jpg,glacier
23073.jpg,street
23075.jpg,street
23076.jpg,street
23079.jpg,mountain
23084.jpg,forest
23087.jpg,buildings
23088.jpg,forest
23089.jpg,sea
23090.jpg,forest
23091.jpg,sea
23093.jpg,sea
23094.jpg,forest
23096.jpg,mountain
23097.jpg,buildings
23098.jpg,glacier
23100.jpg,buildings
23101.jpg,forest
23102.jpg,street
23103.jpg,mountain
23104.jpg,buildings
23105.jpg,sea
23106.jpg,buildings
23107.jpg,forest
23108.jpg,mountain
23109.jpg,buildings
23110.jpg,forest
23111.jpg,street
23114.jpg,mountain
23116.jpg,forest
23117.jpg,mountain
23118.jpg,street
23119.jpg,sea
23122.jpg,forest
23123.jpg,forest
23124.jpg,sea
23125.jpg,mountain
23126.jpg,mountain
23127.jpg,street
23130.jpg,forest
23131.jpg,glacier
23133.jpg,street
23135.jpg,sea
23136.jpg,buildings
23137.jpg,street
23138.jpg,street
23139.jpg,street
23141.jpg,mountain
23143.jpg,buildings
23144.jpg,buildings
23148.jpg,forest
23149.jpg,glacier
23150.jpg,glacier
23151.jpg,glacier
23153.jpg,mountain
23154.jpg,mountain
23155.jpg,street
23156.jpg,forest
23157.jpg,glacier
23159.jpg,buildings
23160.jpg,forest
23161.jpg,forest
23162.jpg,sea
23163.jpg,street
23164.jpg,glacier
23165.jpg,sea
23166.jpg,mountain
23167.jpg,forest
23169.jpg,mountain
23171.jpg,mountain
23172.jpg,sea
23174.jpg,glacier
23175.jpg,buildings
23176.jpg,mountain
23177.jpg,glacier
23179.jpg,buildings
23180.jpg,mountain
23181.jpg,forest
23182.jpg,street
23183.jpg,street
23185.jpg,forest
23186.jpg,street
23187.jpg,sea
23188.jpg,buildings
23189.jpg,glacier
23191.jpg,street
23192.jpg,sea
23193.jpg,buildings
23194.jpg,sea
23195.jpg,street
23201.jpg,mountain
23205.jpg,sea
23207.jpg,forest
23208.jpg,street
23209.jpg,sea
23210.jpg,mountain
23211.jpg,street
23212.jpg,mountain
23213.jpg,sea
23215.jpg,street
23218.jpg,forest
23219.jpg,glacier
23220.jpg,buildings
23221.jpg,glacier
23222.jpg,sea
23223.jpg,glacier
23224.jpg,mountain
23225.jpg,street
23226.jpg,glacier
23227.jpg,street
23228.jpg,street
23229.jpg,sea
23230.jpg,glacier
23232.jpg,mountain
23233.jpg,street
23234.jpg,street
23236.jpg,mountain
23237.jpg,sea
23240.jpg,forest
23241.jpg,forest
23242.jpg,forest
23243.jpg,mountain
23244.jpg,forest
23245.jpg,mountain
23246.jpg,mountain
23247.jpg,sea
23248.jpg,sea
23250.jpg,sea
23253.jpg,street
23254.jpg,sea
23255.jpg,buildings
23256.jpg,glacier
23257.jpg,sea
23259.jpg,forest
23260.jpg,glacier
23261.jpg,forest
23262.jpg,mountain
23263.jpg,street
23265.jpg,sea
23266.jpg,mountain
23268.jpg,forest
23269.jpg,street
23270.jpg,mountain
23271.jpg,street
23272.jpg,sea
23273.jpg,street
23274.jpg,mountain
23275.jpg,sea
23276.jpg,forest
23277.jpg,mountain
23280.jpg,sea
23281.jpg,sea
23282.jpg,mountain
23283.jpg,mountain
23284.jpg,street
23285.jpg,mountain
23286.jpg,street
23287.jpg,forest
23289.jpg,forest
23290.jpg,street
23291.jpg,mountain
23292.jpg,glacier
23293.jpg,mountain
23294.jpg,glacier
23295.jpg,buildings
23296.jpg,glacier
23297.jpg,buildings
23298.jpg,sea
23299.jpg,forest
23301.jpg,street
23304.jpg,buildings
23306.jpg,forest
23308.jpg,forest
23309.jpg,forest
23310.jpg,buildings
23312.jpg,mountain
23314.jpg,street
23315.jpg,buildings
23316.jpg,buildings
23317.jpg,buildings
23318.jpg,mountain
23319.jpg,street
23320.jpg,glacier
23321.jpg,forest
23322.jpg,buildings
23324.jpg,forest
23325.jpg,buildings
23327.jpg,mountain
23328.jpg,glacier
23329.jpg,buildings
23332.jpg,forest
23333.jpg,mountain
23334.jpg,mountain
23336.jpg,sea
23337.jpg,street
23338.jpg,buildings
23339.jpg,glacier
23342.jpg,sea
23343.jpg,mountain
23344.jpg,forest
23346.jpg,street
23348.jpg,glacier
23349.jpg,street
23351.jpg,sea
23353.jpg,mountain
23355.jpg,buildings
23359.jpg,buildings
23360.jpg,forest
23361.jpg,glacier
23362.jpg,buildings
23363.jpg,mountain
23365.jpg,buildings
23366.jpg,buildings
23367.jpg,glacier
23368.jpg,forest
23369.jpg,sea
23370.jpg,mountain
23371.jpg,forest
23373.jpg,forest
23375.jpg,street
23376.jpg,forest
23377.jpg,forest
23380.jpg,forest
23381.jpg,sea
23382.jpg,sea
23383.jpg,glacier
23384.jpg,mountain
23385.jpg,buildings
23386.jpg,forest
23387.jpg,mountain
23388.jpg,buildings
23389.jpg,street
23390.jpg,street
23392.jpg,glacier
23393.jpg,forest
23398.jpg,glacier
23400.jpg,sea
23401.jpg,sea
23402.jpg,forest
23404.jpg,buildings
23405.jpg,buildings
23406.jpg,forest
23407.jpg,forest
23408.jpg,sea
23409.jpg,buildings
23411.jpg,street
23413.jpg,mountain
23416.jpg,sea
23417.jpg,street
23418.jpg,mountain
23419.jpg,sea
23420.jpg,buildings
23421.jpg,buildings
23423.jpg,sea
23427.jpg,glacier
23428.jpg,mountain
23429.jpg,mountain
23430.jpg,forest
23431.jpg,glacier
23432.jpg,mountain
23433.jpg,glacier
23435.jpg,buildings
23436.jpg,mountain
23437.jpg,sea
23441.jpg,forest
23442.jpg,buildings
23443.jpg,glacier
23444.jpg,street
23445.jpg,mountain
23446.jpg,buildings
23447.jpg,glacier
23448.jpg,glacier
23450.jpg,sea
23451.jpg,mountain
23452.jpg,sea
23453.jpg,forest
23454.jpg,street
23455.jpg,street
23456.jpg,sea
23457.jpg,mountain
23458.jpg,mountain
23459.jpg,buildings
23461.jpg,mountain
23462.jpg,forest
23463.jpg,forest
23464.jpg,buildings
23465.jpg,forest
23466.jpg,sea
23469.jpg,mountain
23470.jpg,mountain
23471.jpg,street
23472.jpg,forest
23473.jpg,forest
23474.jpg,forest
23475.jpg,buildings
23476.jpg,forest
23477.jpg,forest
23478.jpg,glacier
23481.jpg,glacier
23484.jpg,sea
23486.jpg,forest
23487.jpg,sea
23489.jpg,sea
23490.jpg,forest
23491.jpg,forest
23492.jpg,glacier
23495.jpg,sea
23496.jpg,mountain
23497.jpg,mountain
23498.jpg,forest
23499.jpg,forest
23502.jpg,forest
23503.jpg,forest
23505.jpg,buildings
23507.jpg,forest
23509.jpg,forest
23510.jpg,street
23511.jpg,mountain
23512.jpg,buildings
23515.jpg,glacier
23516.jpg,glacier
23520.jpg,sea
23521.jpg,sea
23522.jpg,mountain
23527.jpg,buildings
23528.jpg,forest
23529.jpg,buildings
23530.jpg,street
23531.jpg,mountain
23534.jpg,forest
23535.jpg,glacier
23536.jpg,sea
23537.jpg,glacier
23538.jpg,mountain
23540.jpg,forest
23541.jpg,mountain
23542.jpg,buildings
23543.jpg,buildings
23547.jpg,street
23548.jpg,glacier
23549.jpg,sea
23550.jpg,buildings
23551.jpg,forest
23552.jpg,glacier
23554.jpg,buildings
23555.jpg,buildings
23557.jpg,street
23559.jpg,mountain
23560.jpg,forest
23562.jpg,sea
23563.jpg,glacier
23564.jpg,buildings
23565.jpg,mountain
23567.jpg,forest
23570.jpg,glacier
23573.jpg,street
23574.jpg,street
23575.jpg,forest
23576.jpg,sea
23577.jpg,street
23578.jpg,glacier
23579.jpg,sea
23584.jpg,buildings
23585.jpg,sea
23586.jpg,street
23587.jpg,sea
23588.jpg,street
23589.jpg,glacier
23590.jpg,buildings
23591.jpg,forest
23593.jpg,mountain
23594.jpg,buildings
23596.jpg,glacier
23597.jpg,forest
23598.jpg,forest
23600.jpg,forest
23603.jpg,mountain
23604.jpg,buildings
23606.jpg,glacier
23608.jpg,glacier
23609.jpg,mountain
23610.jpg,mountain
23611.jpg,street
23612.jpg,buildings
23613.jpg,forest
23616.jpg,street
23617.jpg,mountain
23619.jpg,mountain
23620.jpg,sea
23623.jpg,sea
23624.jpg,sea
23625.jpg,forest
23628.jpg,buildings
23629.jpg,glacier
23630.jpg,mountain
23632.jpg,forest
23633.jpg,street
23635.jpg,sea
23636.jpg,glacier
23637.jpg,street
23638.jpg,sea
23639.jpg,buildings
23640.jpg,forest
23641.jpg,sea
23642.jpg,street
23643.jpg,buildings
23644.jpg,street
23647.jpg,mountain
23648.jpg,forest
23649.jpg,sea
23652.jpg,buildings
23653.jpg,glacier
23655.jpg,glacier
23656.jpg,glacier
23657.jpg,forest
23658.jpg,glacier
23659.jpg,mountain
23660.jpg,buildings
23661.jpg,glacier
23663.jpg,forest
23667.jpg,sea
23668.jpg,street
23669.jpg,street
23675.jpg,buildings
23676.jpg,glacier
23677.jpg,glacier
23678.jpg,sea
23679.jpg,sea
23681.jpg,forest
23682.jpg,sea
23683.jpg,buildings
23684.jpg,glacier
23686.jpg,mountain
23687.jpg,mountain
23688.jpg,forest
23689.jpg,street
23692.jpg,buildings
23694.jpg,forest
23695.jpg,forest
23697.jpg,mountain
23698.jpg,forest
23700.jpg,forest
23702.jpg,mountain
23703.jpg,glacier
23705.jpg,sea
23707.jpg,street
23708.jpg,sea
23709.jpg,forest
23710.jpg,glacier
23711.jpg,mountain
23712.jpg,glacier
23713.jpg,forest
23714.jpg,glacier
23715.jpg,glacier
23716.jpg,mountain
23717.jpg,forest
23718.jpg,mountain
23721.jpg,street
23723.jpg,forest
23724.jpg,glacier
23725.jpg,sea
23726.jpg,buildings
23727.jpg,buildings
23728.jpg,forest
23729.jpg,street
23731.jpg,sea
23733.jpg,buildings
23734.jpg,mountain
23735.jpg,buildings
23736.jpg,mountain
23737.jpg,buildings
23738.jpg,glacier
23739.jpg,glacier
23741.jpg,buildings
23743.jpg,forest
23744.jpg,glacier
23745.jpg,street
23746.jpg,mountain
23747.jpg,forest
23748.jpg,glacier
23749.jpg,street
23750.jpg,forest
23753.jpg,glacier
23756.jpg,sea
23757.jpg,buildings
23758.jpg,street
23759.jpg,sea
23760.jpg,forest
23761.jpg,mountain
23762.jpg,glacier
23764.jpg,forest
23766.jpg,street
23769.jpg,sea
23771.jpg,mountain
23773.jpg,street
23774.jpg,mountain
23775.jpg,mountain
23776.jpg,buildings
23779.jpg,street
23780.jpg,glacier
23781.jpg,street
23782.jpg,forest
23783.jpg,mountain
23785.jpg,glacier
23786.jpg,sea
23791.jpg,forest
23792.jpg,glacier
23793.jpg,street
23794.jpg,forest
23795.jpg,street
23796.jpg,street
23797.jpg,mountain
23798.jpg,forest
23801.jpg,glacier
23804.jpg,sea
23806.jpg,mountain
23807.jpg,mountain
23808.jpg,mountain
23810.jpg,street
23812.jpg,glacier
23813.jpg,forest
23814.jpg,street
23815.jpg,buildings
23816.jpg,glacier
23817.jpg,forest
23818.jpg,forest
23819.jpg,forest
23821.jpg,street
23822.jpg,glacier
23825.jpg,buildings
23826.jpg,sea
23829.jpg,glacier
23830.jpg,mountain
23833.jpg,buildings
23835.jpg,forest
23837.jpg,sea
23838.jpg,glacier
23841.jpg,sea
23843.jpg,glacier
23845.jpg,street
23846.jpg,buildings
23848.jpg,glacier
23851.jpg,sea
23852.jpg,forest
23853.jpg,forest
23854.jpg,forest
23855.jpg,sea
23859.jpg,street
23860.jpg,street
23861.jpg,sea
23862.jpg,forest
23865.jpg,forest
23866.jpg,buildings
23867.jpg,sea
23868.jpg,mountain
23869.jpg,glacier
23870.jpg,glacier
23871.jpg,glacier
23872.jpg,sea
23873.jpg,forest
23874.jpg,forest
23875.jpg,forest
23876.jpg,forest
23877.jpg,forest
23879.jpg,forest
23883.jpg,glacier
23884.jpg,glacier
23885.jpg,sea
23886.jpg,buildings
23888.jpg,glacier
23889.jpg,sea
23890.jpg,buildings
23892.jpg,street
23896.jpg,mountain
23898.jpg,glacier
23899.jpg,glacier
23900.jpg,sea
23901.jpg,sea
23902.jpg,glacier
23903.jpg,glacier
23906.jpg,glacier
23907.jpg,buildings
23908.jpg,buildings
23909.jpg,glacier
23910.jpg,glacier
23912.jpg,forest
23915.jpg,mountain
23918.jpg,mountain
23919.jpg,sea
23920.jpg,glacier
23923.jpg,mountain
23925.jpg,forest
23926.jpg,sea
23927.jpg,sea
23928.jpg,forest
23929.jpg,glacier
23930.jpg,forest
23931.jpg,forest
23932.jpg,buildings
23933.jpg,forest
23935.jpg,street
23936.jpg,mountain
23937.jpg,street
23938.jpg,mountain
23939.jpg,sea
23942.jpg,mountain
23943.jpg,street
23945.jpg,buildings
23947.jpg,sea
23948.jpg,street
23949.jpg,forest
23950.jpg,street
23951.jpg,forest
23952.jpg,glacier
23955.jpg,sea
23956.jpg,glacier
23958.jpg,street
23959.jpg,sea
23961.jpg,street
23962.jpg,glacier
23964.jpg,glacier
23965.jpg,sea
23967.jpg,street
23968.jpg,street
23969.jpg,sea
23972.jpg,glacier
23973.jpg,buildings
23974.jpg,sea
23975.jpg,mountain
23976.jpg,sea
23977.jpg,glacier
23978.jpg,mountain
23979.jpg,forest
23981.jpg,forest
23982.jpg,buildings
23984.jpg,forest
23986.jpg,mountain
23987.jpg,forest
23988.jpg,mountain
23989.jpg,buildings
23990.jpg,sea
23993.jpg,mountain
23995.jpg,street
23997.jpg,buildings
23998.jpg,sea
24000.jpg,sea
24001.jpg,sea
24004.jpg,mountain
24005.jpg,forest
24006.jpg,mountain
24007.jpg,forest
24008.jpg,glacier
24009.jpg,street
24010.jpg,buildings
24011.jpg,glacier
24013.jpg,glacier
24016.jpg,forest
24017.jpg,buildings
24018.jpg,sea
24019.jpg,street
24020.jpg,mountain
24021.jpg,glacier
24022.jpg,glacier
24023.jpg,buildings
24024.jpg,buildings
24026.jpg,street
24027.jpg,sea
24029.jpg,street
24032.jpg,mountain
24033.jpg,forest
24034.jpg,sea
24036.jpg,mountain
24037.jpg,glacier
24039.jpg,forest
24040.jpg,street
24041.jpg,sea
24043.jpg,mountain
24044.jpg,sea
24045.jpg,forest
24047.jpg,forest
24049.jpg,glacier
24050.jpg,buildings
24051.jpg,forest
24052.jpg,street
24053.jpg,buildings
24055.jpg,sea
24056.jpg,mountain
24057.jpg,glacier
24058.jpg,buildings
24059.jpg,sea
24060.jpg,glacier
24062.jpg,buildings
24063.jpg,buildings
24066.jpg,mountain
24070.jpg,street
24072.jpg,forest
24073.jpg,sea
24075.jpg,mountain
24076.jpg,sea
24077.jpg,street
24078.jpg,street
24080.jpg,mountain
24082.jpg,forest
24083.jpg,buildings
24085.jpg,street
24086.jpg,sea
24087.jpg,buildings
24088.jpg,sea
24091.jpg,mountain
24094.jpg,glacier
24095.jpg,street
24096.jpg,sea
24097.jpg,street
24098.jpg,forest
24099.jpg,sea
24100.jpg,forest
24101.jpg,street
24103.jpg,buildings
24106.jpg,street
24107.jpg,sea
24108.jpg,forest
24109.jpg,glacier
24110.jpg,forest
24111.jpg,sea
24112.jpg,mountain
24113.jpg,glacier
24115.jpg,mountain
24118.jpg,street
24119.jpg,buildings
24120.jpg,buildings
24122.jpg,sea
24123.jpg,glacier
24124.jpg,street
24126.jpg,sea
24127.jpg,mountain
24128.jpg,sea
24129.jpg,sea
24130.jpg,forest
24131.jpg,buildings
24132.jpg,sea
24133.jpg,mountain
24135.jpg,street
24136.jpg,sea
24137.jpg,forest
24138.jpg,street
24139.jpg,street
24141.jpg,street
24143.jpg,forest
24145.jpg,forest
24146.jpg,mountain
24147.jpg,glacier
24149.jpg,street
24150.jpg,glacier
24152.jpg,glacier
24153.jpg,buildings
24154.jpg,mountain
24155.jpg,sea
24158.jpg,sea
24159.jpg,street
24160.jpg,buildings
24161.jpg,street
24163.jpg,sea
24165.jpg,mountain
24166.jpg,glacier
24167.jpg,glacier
24169.jpg,mountain
24170.jpg,sea
24171.jpg,glacier
24172.jpg,street
24173.jpg,glacier
24174.jpg,sea
24175.jpg,street
24176.jpg,mountain
24177.jpg,forest
24178.jpg,forest
24179.jpg,street
24180.jpg,buildings
24181.jpg,glacier
24184.jpg,mountain
24185.jpg,mountain
24186.jpg,sea
24187.jpg,mountain
24189.jpg,sea
24190.jpg,mountain
24193.jpg,glacier
24195.jpg,glacier
24196.jpg,glacier
24197.jpg,buildings
24198.jpg,forest
24199.jpg,street
24200.jpg,glacier
24201.jpg,sea
24203.jpg,buildings
24204.jpg,mountain
24205.jpg,buildings
24206.jpg,forest
24207.jpg,mountain
24208.jpg,mountain
24209.jpg,sea
24211.jpg,mountain
24212.jpg,street
24213.jpg,mountain
24214.jpg,sea
24215.jpg,buildings
24218.jpg,glacier
24219.jpg,sea
24220.jpg,forest
24221.jpg,street
24222.jpg,forest
24223.jpg,buildings
24224.jpg,buildings
24226.jpg,forest
24228.jpg,forest
24229.jpg,buildings
24230.jpg,street
24231.jpg,street
24234.jpg,forest
24235.jpg,sea
24236.jpg,glacier
24237.jpg,sea
24239.jpg,forest
24241.jpg,forest
24242.jpg,mountain
24244.jpg,glacier
24245.jpg,sea
24246.jpg,sea
24247.jpg,mountain
24248.jpg,glacier
24249.jpg,glacier
24250.jpg,street
24251.jpg,forest
24252.jpg,mountain
24254.jpg,forest
24256.jpg,forest
24258.jpg,buildings
24260.jpg,forest
24261.jpg,glacier
24262.jpg,buildings
24263.jpg,mountain
24264.jpg,forest
24265.jpg,street
24266.jpg,sea
24267.jpg,glacier
24268.jpg,street
24269.jpg,street
24270.jpg,street
24271.jpg,buildings
24273.jpg,mountain
24274.jpg,sea
24275.jpg,buildings
24277.jpg,glacier
24279.jpg,mountain
24280.jpg,buildings
24282.jpg,mountain
24283.jpg,mountain
24284.jpg,mountain
24285.jpg,mountain
24286.jpg,mountain
24287.jpg,mountain
24290.jpg,street
24292.jpg,street
24294.jpg,mountain
24295.jpg,sea
24297.jpg,glacier
24299.jpg,glacier
24300.jpg,street
24301.jpg,sea
24304.jpg,sea
24309.jpg,sea
24310.jpg,mountain
24311.jpg,sea
24312.jpg,forest
24313.jpg,forest
24314.jpg,forest
24315.jpg,mountain
24317.jpg,street
24319.jpg,mountain
24320.jpg,buildings
24321.jpg,mountain
24322.jpg,buildings
24323.jpg,glacier
24324.jpg,forest
24325.jpg,sea
24328.jpg,mountain
24329.jpg,mountain
24332.jpg,street
24334.jpg,glacier
